{"cameraMode":{"drawMode":0,"name":"Shaded","section":"Shading Mode"},"sceneLighting":true,"audioPlay":false,"sceneViewState":{"m_AlwaysRefresh":false,"showFog":true,"showSkybox":true,"showFlares":true,"showImageEffects":true,"showParticleSystems":true,"showVisualEffectGraphs":true,"m_FxEnabled":true},"in2DMode":false,"pivot":{"x":-20.76632308959961,"y":0.7535438537597656,"z":19.0844783782959},"rotation":{"x":-0.022161370143294336,"y":0.28425273299217226,"z":-0.006550836842507124,"w":-0.9585134983062744},"size":25.371110916137697,"orthographic":false}